Timestamp,Your Team No. (Example: 2-3),Quantity,Location,Measurement Value (db or lux)
9/21/2023 11:01:45,1-20,Light Flux,your bed at night,10
9/21/2023 11:05:05,1-20,Light Flux,your bed at night,5
10/23/2023 19:27:29,1-7,"Sound pressure level, SPL (dBA)",GIX Woodshop: No machines (SPL only),38.3
10/23/2023 19:28:58,1-7,Light Flux,"GIX Woodshop: Table Saw cutting (lux on table top, SPL from operating position)",424
10/23/2023 19:29:21,1-7,"Sound pressure level, SPL (dBA)","GIX Woodshop: Table Saw cutting (lux on table top, SPL from operating position)",81.9
10/23/2023 19:29:48,1-7,"Sound pressure level, SPL (dBA)","GIX Woodshop: Dust Collector  (SPL Only, measure from table saw operating pos.)",99
10/23/2023 19:30:22,1-7,"Sound pressure level, SPL (dBA)",GIX Woodshop: Drill (SPL Only from omerating position),72.4
10/23/2023 21:40:46,1-15,"Sound pressure level, SPL (dBA)",your bed at night,41
10/24/2023 9:38:16,1-15,"Sound pressure level, SPL (dBA)",breakfast table,50.2
10/24/2023 9:39:14,1-15,"Sound pressure level, SPL (dBA)",Your desk at home,47.3
10/24/2023 13:31:37,1-15,"Sound pressure level, SPL (dBA)",Outdoors by GIX: Cloudy,53.5
10/24/2023 13:40:36,1-15,"Sound pressure level, SPL (dBA)",In class (on writing desk),50.9
10/25/2023 0:17:24,2-5,"Sound pressure level, SPL (dBA)",your bed at night,45
10/25/2023 7:38:03,2-5,"Sound pressure level, SPL (dBA)",Your desk at home,47.8
10/25/2023 12:51:16,2-5,Light Flux,In class (on writing desk),152
10/25/2023 12:52:39,2-5,"Sound pressure level, SPL (dBA)",In class (on writing desk),49.8
10/25/2023 13:54:16,1-14,Light Flux,your bed at night,43
10/25/2023 13:54:34,1-14,Light Flux,breakfast table,550
10/25/2023 13:55:11,1-14,Light Flux,In class (on writing desk),430
10/25/2023 13:55:29,1-14,Light Flux,Outdoors by GIX: Sunny,20400
10/25/2023 14:01:45,1-14,Light Flux,Outdoors by GIX: Cloudy,820
10/25/2023 14:02:14,1-14,Light Flux,"GIX Woodshop: Table Saw cutting (lux on table top, SPL from operating position)",668
10/25/2023 14:02:32,1-14,"Sound pressure level, SPL (dBA)",your bed at night,33.2
10/25/2023 14:02:47,1-14,"Sound pressure level, SPL (dBA)",breakfast table,39.8
10/25/2023 14:03:02,1-14,"Sound pressure level, SPL (dBA)",In class (on writing desk),48.2
10/25/2023 14:03:34,1-14,"Sound pressure level, SPL (dBA)",Your desk at home,43.6
10/25/2023 14:03:49,1-14,"Sound pressure level, SPL (dBA)",Outdoors by GIX: Sunny,50.6
10/25/2023 14:04:03,1-14,"Sound pressure level, SPL (dBA)",Outdoors by GIX: Cloudy,57.5
10/25/2023 14:04:32,1-14,"Sound pressure level, SPL (dBA)",In the car (if you have one),45.4
10/25/2023 14:04:52,1-14,"Sound pressure level, SPL (dBA)",GIX Woodshop: No machines (SPL only),34.5
10/25/2023 14:05:07,1-14,"Sound pressure level, SPL (dBA)","GIX Woodshop: Table Saw cutting (lux on table top, SPL from operating position)",75.4
10/25/2023 14:05:21,1-14,"Sound pressure level, SPL (dBA)","GIX Woodshop: Dust Collector  (SPL Only, measure from table saw operating pos.)",84
10/25/2023 14:05:36,1-14,"Sound pressure level, SPL (dBA)",GIX Woodshop: Drill (SPL Only from omerating position),69.9
10/25/2023 22:12:54,1-4,Light Flux,your bed at night,1
10/25/2023 22:13:07,1-4,Light Flux,breakfast table,88
10/25/2023 22:13:21,1-4,Light Flux,In class (on writing desk),201
10/25/2023 22:13:36,1-4,Light Flux,Your desk at home,182
10/25/2023 22:13:54,1-4,Light Flux,Outdoors by GIX: Sunny,19860
10/25/2023 22:14:06,1-4,Light Flux,Outdoors by GIX: Cloudy,885
10/25/2023 22:14:38,1-4,Light Flux,In the car (if you have one),6
10/25/2023 22:14:40,1-4,"Sound pressure level, SPL (dBA)",your bed at night,30
10/25/2023 22:14:58,1-4,"Sound pressure level, SPL (dBA)",breakfast table,67.2
10/25/2023 22:15:04,1-4,Light Flux,"GIX Woodshop: Table Saw cutting (lux on table top, SPL from operating position)",30.9
10/25/2023 22:15:22,1-4,"Sound pressure level, SPL (dBA)",In class (on writing desk),45.9
10/25/2023 22:15:54,1-4,"Sound pressure level, SPL (dBA)",Your desk at home,42.4
10/25/2023 22:16:10,1-4,"Sound pressure level, SPL (dBA)",Outdoors by GIX: Sunny,53.3
10/25/2023 22:16:24,1-4,"Sound pressure level, SPL (dBA)",Outdoors by GIX: Cloudy,61.3
10/25/2023 22:16:40,1-4,"Sound pressure level, SPL (dBA)",In the car (if you have one),30
10/25/2023 22:16:56,1-4,"Sound pressure level, SPL (dBA)",GIX Woodshop: No machines (SPL only),30
10/25/2023 22:17:11,1-4,"Sound pressure level, SPL (dBA)","GIX Woodshop: Table Saw cutting (lux on table top, SPL from operating position)",90.4
10/25/2023 22:17:27,1-4,"Sound pressure level, SPL (dBA)","GIX Woodshop: Dust Collector  (SPL Only, measure from table saw operating pos.)",86.2
10/25/2023 22:17:42,1-4,"Sound pressure level, SPL (dBA)",GIX Woodshop: Drill (SPL Only from omerating position),79.8
10/26/2023 14:06:56,1-15,"Sound pressure level, SPL (dBA)",Outdoors by GIX: Sunny,56.7
10/26/2023 14:13:58,1-15,"Sound pressure level, SPL (dBA)",GIX Woodshop: No machines (SPL only),55.4
10/26/2023 14:21:46,1-15,"Sound pressure level, SPL (dBA)","GIX Woodshop: Dust Collector  (SPL Only, measure from table saw operating pos.)",82.8
10/26/2023 16:13:46,2-4,"Sound pressure level, SPL (dBA)",Outdoors by GIX: Sunny,52.7
10/26/2023 16:14:18,2-4,"Sound pressure level, SPL (dBA)",GIX Woodshop: No machines (SPL only),50.1
10/26/2023 16:15:30,2-4,"Sound pressure level, SPL (dBA)",GIX Woodshop: Drill (SPL Only from omerating position),81.7
10/26/2023 16:16:14,2-4,"Sound pressure level, SPL (dBA)",In the car (if you have one),61.2
10/26/2023 18:20:02,1-15,"Sound pressure level, SPL (dBA)",your bed at night,36.2
10/26/2023 18:20:24,1-15,"Sound pressure level, SPL (dBA)",your bed at night,42
10/27/2023 9:35:24,1-14,Light Flux,In the car (if you have one),3070
10/27/2023 11:49:00,1-16,Light Flux,In class (on writing desk),622
10/27/2023 11:49:37,1-16,Light Flux,In class (on writing desk),511
10/27/2023 11:50:27,1-16,Light Flux,In class (on writing desk),523
10/27/2023 11:51:09,1-16,"Sound pressure level, SPL (dBA)",In class (on writing desk),66.7
10/27/2023 11:52:27,1-16,"Sound pressure level, SPL (dBA)","GIX Woodshop: Table Saw cutting (lux on table top, SPL from operating position)",79
10/27/2023 11:53:13,1-16,"Sound pressure level, SPL (dBA)","GIX Woodshop: Dust Collector  (SPL Only, measure from table saw operating pos.)",85
10/27/2023 11:53:52,1-16,"Sound pressure level, SPL (dBA)",GIX Woodshop: Drill (SPL Only from omerating position),76.7
10/27/2023 11:54:51,1-16,Light Flux,"GIX Woodshop: Table Saw cutting (lux on table top, SPL from operating position)",591
10/27/2023 11:55:18,1-16,Light Flux,"GIX Woodshop: Table Saw cutting (lux on table top, SPL from operating position)",426
10/27/2023 11:55:35,1-16,Light Flux,"GIX Woodshop: Table Saw cutting (lux on table top, SPL from operating position)",372
10/27/2023 12:27:43,1-16,Light Flux,Outdoors by GIX: Sunny,42000
10/27/2023 12:28:03,1-16,Light Flux,Outdoors by GIX: Sunny,62900
10/27/2023 12:28:25,1-16,Light Flux,Outdoors by GIX: Sunny,56900
10/27/2023 12:32:34,1-16,"Sound pressure level, SPL (dBA)",Outdoors by GIX: Sunny,68.3
10/27/2023 16:40:15,8,Light Flux,your bed at night,3.3
10/27/2023 16:44:07,8,Light Flux,breakfast table,263
10/27/2023 16:44:46,1-8,Light Flux,In class (on writing desk),501
10/27/2023 16:45:22,1-8,Light Flux,In the car (if you have one),23.5
10/27/2023 16:45:49,1-8,Light Flux,Outdoors by GIX: Sunny,19266.7
10/27/2023 16:46:27,1-8,Light Flux,"GIX Woodshop: Table Saw cutting (lux on table top, SPL from operating position)",714.7
10/27/2023 16:46:50,1-8,"Sound pressure level, SPL (dBA)",your bed at night,37.4
10/27/2023 16:47:04,1-8,"Sound pressure level, SPL (dBA)",breakfast table,52.8
10/27/2023 16:47:21,1-8,"Sound pressure level, SPL (dBA)",In class (on writing desk),78.6
10/27/2023 16:47:47,1-8,"Sound pressure level, SPL (dBA)",Outdoors by GIX: Sunny,60.2
10/27/2023 16:48:14,1-8,"Sound pressure level, SPL (dBA)",In the car (if you have one),46.8
10/27/2023 16:48:30,1-8,"Sound pressure level, SPL (dBA)","GIX Woodshop: Table Saw cutting (lux on table top, SPL from operating position)",82.5
10/27/2023 16:48:42,1-8,"Sound pressure level, SPL (dBA)","GIX Woodshop: Dust Collector  (SPL Only, measure from table saw operating pos.)",81.1
10/27/2023 16:48:56,1-8,"Sound pressure level, SPL (dBA)",GIX Woodshop: Drill (SPL Only from omerating position),71.3
10/28/2023 17:45:43,1-12,"Sound pressure level, SPL (dBA)",GIX Woodshop: No machines (SPL only),47.5
10/28/2023 17:45:59,1-12,"Sound pressure level, SPL (dBA)",GIX Woodshop: No machines (SPL only),46.8
10/28/2023 17:47:16,1-12,Light Flux,GIX Woodshop: No machines (SPL only),627
10/28/2023 17:50:00,1-12,Light Flux,GIX Woodshop: No machines (SPL only),228
10/29/2023 15:00:15,1-12,Light Flux,In the car (if you have one),1980
10/29/2023 15:00:43,2-3,Light Flux,In the car (if you have one),2410
10/29/2023 15:01:22,1-12,"Sound pressure level, SPL (dBA)",In the car (if you have one),35.2
10/29/2023 15:01:39,2-3,"Sound pressure level, SPL (dBA)",In the car (if you have one),34.7
10/29/2023 23:42:29,1-12,"Sound pressure level, SPL (dBA)",Your desk at home,44.2
10/29/2023 23:43:01,1-12,Light Flux,Your desk at home,126.3
10/30/2023 10:59:26,1-15,"Sound pressure level, SPL (dBA)",In the car (if you have one),53.4
10/30/2023 12:42:06,1-15,Light Flux,Your desk at home,138
10/30/2023 12:42:21,1-15,Light Flux,Your desk at home,48
10/30/2023 12:42:35,1-15,Light Flux,Your desk at home,81
10/30/2023 12:52:47,1-15,Light Flux,Outdoors by GIX: Sunny,2434
10/30/2023 12:53:05,1-15,Light Flux,Outdoors by GIX: Sunny,2083
10/30/2023 12:53:24,1-15,Light Flux,Outdoors by GIX: Sunny,2460
10/30/2023 12:55:10,1-15,Light Flux,your bed at night,3
10/30/2023 12:55:26,1-15,Light Flux,your bed at night,10
10/30/2023 12:55:40,1-15,Light Flux,your bed at night,2
10/30/2023 13:01:53,1-15,Light Flux,breakfast table,46
10/30/2023 13:02:07,1-15,Light Flux,breakfast table,54
10/30/2023 13:02:21,1-15,Light Flux,breakfast table,30
10/30/2023 15:12:41,2-5,Light Flux,Outdoors by GIX: Sunny,98.4
10/30/2023 15:13:03,2-5,"Sound pressure level, SPL (dBA)",Outdoors by GIX: Sunny,51.8
10/31/2023 10:09:27,1-10,Light Flux,Your desk at home,40.5
10/31/2023 10:10:04,1-10,"Sound pressure level, SPL (dBA)",Your desk at home,48.6
10/31/2023 10:10:46,1-10,Light Flux,Your desk at home,173.4
10/31/2023 10:21:52,1-10,"Sound pressure level, SPL (dBA)",In the car (if you have one),70.9
10/31/2023 10:24:54,1-10,Light Flux,In the car (if you have one),193
10/31/2023 10:27:03,1-10,"Sound pressure level, SPL (dBA)",Outdoors by GIX: Sunny,61.5
10/31/2023 10:27:23,1-10,"Sound pressure level, SPL (dBA)",Outdoors by GIX: Cloudy,67.4
10/31/2023 10:41:20,1-15,Light Flux,Outdoors by GIX: Cloudy,2184
10/31/2023 10:41:36,1-15,Light Flux,Outdoors by GIX: Cloudy,1751
10/31/2023 10:41:52,1-15,Light Flux,Outdoors by GIX: Cloudy,1654
10/31/2023 10:48:04,1-15,Light Flux,In the car (if you have one),75
10/31/2023 10:48:17,1-15,Light Flux,In the car (if you have one),76
10/31/2023 10:48:31,1-15,Light Flux,In the car (if you have one),86
10/31/2023 17:57:50,1-16,Light Flux,In the car (if you have one),3.6
10/31/2023 17:58:17,1-16,"Sound pressure level, SPL (dBA)",In the car (if you have one),46.3
10/31/2023 17:59:59,1-16,Light Flux,GIX Woodshop: No machines (SPL only),40.2
10/31/2023 18:00:33,1-16,"Sound pressure level, SPL (dBA)",GIX Woodshop: No machines (SPL only),40.2
10/31/2023 23:53:19,1-16,Light Flux,your bed at night,29.3
10/31/2023 23:53:34,1-16,"Sound pressure level, SPL (dBA)",your bed at night,37.6
10/31/2023 23:54:42,1-16,Light Flux,breakfast table,236
10/31/2023 23:54:56,1-16,"Sound pressure level, SPL (dBA)",breakfast table,37.6
10/31/2023 23:55:52,1-16,Light Flux,Your desk at home,286
10/31/2023 23:56:05,1-16,"Sound pressure level, SPL (dBA)",Your desk at home,37.5
11/1/2023 13:04:16,2-5,"Sound pressure level, SPL (dBA)","GIX Woodshop: Dust Collector  (SPL Only, measure from table saw operating pos.)",145.6
11/1/2023 13:04:33,2-5,Light Flux,"GIX Woodshop: Dust Collector  (SPL Only, measure from table saw operating pos.)",75.4
11/1/2023 15:15:07,12,"Sound pressure level, SPL (dBA)",In class (on writing desk),56.6
11/1/2023 16:01:28,1-12,Light Flux,Your desk at home,45
11/1/2023 16:02:02,1-12,Light Flux,In the car (if you have one),22
11/1/2023 16:02:26,1-12,Light Flux,In class (on writing desk),285
11/1/2023 16:02:49,12,Light Flux,Your desk at home,160.7
11/1/2023 16:03:31,1-12,"Sound pressure level, SPL (dBA)",Your desk at home,52.2
11/1/2023 16:04:02,1-12,"Sound pressure level, SPL (dBA)",In the car (if you have one),120.2
11/1/2023 16:04:30,1-12,"Sound pressure level, SPL (dBA)",In class (on writing desk),69.9
11/1/2023 16:08:39,1-12,Light Flux,Your desk at home,43.7
11/1/2023 16:08:54,1-12,Light Flux,In the car (if you have one),14.5
11/1/2023 16:09:21,1-12,Light Flux,In class (on writing desk),288.9
11/1/2023 16:47:38,2-8,Light Flux,your bed at night,17.9
11/1/2023 16:51:35,12,"Sound pressure level, SPL (dBA)",Your desk at home,39
11/1/2023 16:52:14,2-8,Light Flux,breakfast table,33.8
11/1/2023 16:52:29,2-8,Light Flux,Your desk at home,137
11/1/2023 16:52:31,12,Light Flux,Your desk at home,187.7
11/1/2023 16:53:38,2-8,Light Flux,"GIX Woodshop: Table Saw cutting (lux on table top, SPL from operating position)",130.2
11/1/2023 16:54:35,2-8,Light Flux,GIX Woodshop: Drill (SPL Only from omerating position),98.2
11/1/2023 16:55:09,2-8,Light Flux,"GIX Woodshop: Dust Collector  (SPL Only, measure from table saw operating pos.)",190
11/1/2023 16:56:25,2-8,Light Flux,In class (on writing desk),73.3
11/1/2023 16:57:06,2-8,Light Flux,Outdoors by GIX: Cloudy,89.6
11/1/2023 16:58:32,2-8,"Sound pressure level, SPL (dBA)",In class (on writing desk),54
11/1/2023 16:59:23,2-8,"Sound pressure level, SPL (dBA)",your bed at night,33.5
11/1/2023 17:00:12,2-8,"Sound pressure level, SPL (dBA)",breakfast table,36
11/1/2023 17:00:49,2-8,"Sound pressure level, SPL (dBA)",Your desk at home,37
11/1/2023 17:01:18,2-8,"Sound pressure level, SPL (dBA)",Outdoors by GIX: Cloudy,50.6
11/1/2023 17:02:08,2-8,"Sound pressure level, SPL (dBA)","GIX Woodshop: Table Saw cutting (lux on table top, SPL from operating position)",80.6
11/1/2023 17:02:49,2-8,"Sound pressure level, SPL (dBA)","GIX Woodshop: Dust Collector  (SPL Only, measure from table saw operating pos.)",83.7
11/1/2023 17:03:32,2-8,"Sound pressure level, SPL (dBA)",GIX Woodshop: Drill (SPL Only from omerating position),71.4
11/1/2023 20:14:53,1-7,Light Flux,your bed at night,1.3
11/1/2023 20:16:47,1-7,Light Flux,In class (on writing desk),111.3
11/1/2023 20:18:46,1-7,Light Flux,breakfast table,166.8
11/1/2023 20:21:27,1-7,"Sound pressure level, SPL (dBA)",your bed at night,33.5
11/1/2023 20:22:07,1-7,"Sound pressure level, SPL (dBA)",In class (on writing desk),78
11/1/2023 20:22:57,1-7,"Sound pressure level, SPL (dBA)",breakfast table,61
11/1/2023 23:17:59,2,Light Flux,Your desk at home,38.3
11/1/2023 23:18:42,2,"Sound pressure level, SPL (dBA)",Your desk at home,38.3
11/1/2023 23:18:58,2,Light Flux,Your desk at home,113
11/1/2023 23:19:32,2,Light Flux,In the car (if you have one),1
11/1/2023 23:20:08,2,"Sound pressure level, SPL (dBA)",In the car (if you have one),45.4
11/1/2023 23:21:55,2,"Sound pressure level, SPL (dBA)","GIX Woodshop: Table Saw cutting (lux on table top, SPL from operating position)",91.8
11/1/2023 23:22:14,2,"Sound pressure level, SPL (dBA)","GIX Woodshop: Dust Collector  (SPL Only, measure from table saw operating pos.)",89.1
11/1/2023 23:22:29,2,"Sound pressure level, SPL (dBA)",GIX Woodshop: Drill (SPL Only from omerating position),79.3
11/2/2023 1:15:22,2-5,Light Flux,your bed at night,0.2
11/2/2023 1:16:22,2-5,Light Flux,Your desk at home,116.2
11/2/2023 1:18:15,2-5,Light Flux,breakfast table,99.7
11/2/2023 1:22:45,2-5,"Sound pressure level, SPL (dBA)",your bed at night,38
11/2/2023 1:23:00,2-5,"Sound pressure level, SPL (dBA)",breakfast table,48.9
11/2/2023 1:25:17,2-5,"Sound pressure level, SPL (dBA)",Outdoors by GIX: Cloudy,59.1
11/2/2023 1:27:43,2-5,Light Flux,GIX Woodshop: No machines (SPL only),145.6
11/2/2023 1:39:29,2-5,"Sound pressure level, SPL (dBA)","GIX Woodshop: Table Saw cutting (lux on table top, SPL from operating position)",75.4
11/2/2023 12:31:15,1-15,Light Flux,In class (on writing desk),221
11/2/2023 12:31:28,1-15,Light Flux,In class (on writing desk),257
11/2/2023 12:31:41,1-15,Light Flux,In class (on writing desk),252
11/2/2023 13:06:34,1-15,Light Flux,"GIX Woodshop: Table Saw cutting (lux on table top, SPL from operating position)",302
11/2/2023 13:06:49,1-15,Light Flux,"GIX Woodshop: Table Saw cutting (lux on table top, SPL from operating position)",228
11/2/2023 13:07:06,1-15,Light Flux,"GIX Woodshop: Table Saw cutting (lux on table top, SPL from operating position)",390
11/2/2023 13:10:34,1-15,"Sound pressure level, SPL (dBA)",GIX Woodshop: No machines (SPL only),36.8
11/2/2023 13:10:50,1-15,"Sound pressure level, SPL (dBA)","GIX Woodshop: Table Saw cutting (lux on table top, SPL from operating position)",84.4
11/2/2023 13:11:08,1-15,"Sound pressure level, SPL (dBA)","GIX Woodshop: Dust Collector  (SPL Only, measure from table saw operating pos.)",77.9
11/2/2023 13:11:27,1-15,"Sound pressure level, SPL (dBA)",GIX Woodshop: Drill (SPL Only from omerating position),70.2
11/2/2023 13:25:50,2-5,"Sound pressure level, SPL (dBA)","GIX Woodshop: Table Saw cutting (lux on table top, SPL from operating position)",77
11/2/2023 13:26:07,2-5,"Sound pressure level, SPL (dBA)","GIX Woodshop: Dust Collector  (SPL Only, measure from table saw operating pos.)",81.5
11/2/2023 13:26:24,2-5,"Sound pressure level, SPL (dBA)",GIX Woodshop: Drill (SPL Only from omerating position),71.7
11/2/2023 13:48:48,2-5,Light Flux,Outdoors by GIX: Cloudy,4450
11/2/2023 14:53:12,2-13,"Sound pressure level, SPL (dBA)",GIX Woodshop: No machines (SPL only),45.7
11/2/2023 14:54:23,2-13,"Sound pressure level, SPL (dBA)","GIX Woodshop: Table Saw cutting (lux on table top, SPL from operating position)",81
11/2/2023 17:19:56,1-3,"Sound pressure level, SPL (dBA)",your bed at night,41.2
11/2/2023 17:20:14,1-3,"Sound pressure level, SPL (dBA)",breakfast table,35.4
11/2/2023 17:20:30,1-3,"Sound pressure level, SPL (dBA)",In class (on writing desk),63.6
11/2/2023 17:21:18,1-3,"Sound pressure level, SPL (dBA)",Your desk at home,50.2
11/2/2023 17:21:52,1-3,"Sound pressure level, SPL (dBA)",Outdoors by GIX: Sunny,59.3
11/2/2023 17:22:04,1-3,"Sound pressure level, SPL (dBA)",Outdoors by GIX: Cloudy,56.6
11/2/2023 17:22:18,1-3,"Sound pressure level, SPL (dBA)",In the car (if you have one),51.3
11/2/2023 17:22:32,1-3,"Sound pressure level, SPL (dBA)",GIX Woodshop: No machines (SPL only),37.6
11/2/2023 17:22:48,1-3,"Sound pressure level, SPL (dBA)","GIX Woodshop: Table Saw cutting (lux on table top, SPL from operating position)",77.5
11/2/2023 17:23:00,1-3,"Sound pressure level, SPL (dBA)","GIX Woodshop: Dust Collector  (SPL Only, measure from table saw operating pos.)",81.7
11/2/2023 17:23:17,1-3,"Sound pressure level, SPL (dBA)",GIX Woodshop: Drill (SPL Only from omerating position),73.9
11/2/2023 20:09:35,12,Light Flux,breakfast table,91.6
11/2/2023 20:10:25,12,"Sound pressure level, SPL (dBA)",breakfast table,32.9
11/2/2023 20:43:25,1-3,Light Flux,your bed at night,15
11/2/2023 20:43:40,1-3,Light Flux,breakfast table,600
11/2/2023 20:43:55,1-3,Light Flux,In class (on writing desk),595
11/2/2023 20:44:12,1-3,Light Flux,In the car (if you have one),750
11/2/2023 20:44:27,1-3,Light Flux,Outdoors by GIX: Sunny,32000
11/2/2023 20:44:44,1-3,Light Flux,Outdoors by GIX: Cloudy,1600
11/2/2023 20:45:14,1-3,Light Flux,"GIX Woodshop: Table Saw cutting (lux on table top, SPL from operating position)",590
11/2/2023 21:50:31,2-3,Light Flux,your bed at night,57.3
11/2/2023 21:50:59,2-3,Light Flux,your bed at night,62.5
11/2/2023 21:51:43,2-3,Light Flux,your bed at night,62.2
11/2/2023 21:53:21,2-3,Light Flux,your bed at night,49
11/2/2023 21:53:48,2-3,Light Flux,your bed at night,50
11/2/2023 21:54:15,2-3,Light Flux,your bed at night,49
11/2/2023 23:24:50,1-9,Light Flux,your bed at night,22.1
11/2/2023 23:25:06,1-9,Light Flux,breakfast table,354
11/2/2023 23:25:27,1-9,Light Flux,In class (on writing desk),519
11/2/2023 23:25:47,1-9,Light Flux,Your desk at home,443
11/2/2023 23:26:08,1-9,Light Flux,Outdoors by GIX: Sunny,58400
11/2/2023 23:26:22,1-9,Light Flux,Outdoors by GIX: Cloudy,7410
11/2/2023 23:27:08,1-9,Light Flux,"GIX Woodshop: Table Saw cutting (lux on table top, SPL from operating position)",259
11/2/2023 23:31:33,1-9,"Sound pressure level, SPL (dBA)",your bed at night,30
11/2/2023 23:31:55,1-9,"Sound pressure level, SPL (dBA)",breakfast table,68.7
11/2/2023 23:32:26,1-9,"Sound pressure level, SPL (dBA)",In class (on writing desk),65.4
11/2/2023 23:32:39,1-9,"Sound pressure level, SPL (dBA)",Your desk at home,30
11/2/2023 23:32:57,1-9,"Sound pressure level, SPL (dBA)",Outdoors by GIX: Sunny,70.9
11/2/2023 23:33:20,1-9,"Sound pressure level, SPL (dBA)",Outdoors by GIX: Cloudy,70
11/2/2023 23:33:40,1-9,"Sound pressure level, SPL (dBA)",GIX Woodshop: No machines (SPL only),36
11/2/2023 23:33:57,1-9,"Sound pressure level, SPL (dBA)","GIX Woodshop: Table Saw cutting (lux on table top, SPL from operating position)",75.8
11/2/2023 23:34:14,1-9,"Sound pressure level, SPL (dBA)","GIX Woodshop: Dust Collector  (SPL Only, measure from table saw operating pos.)",78.4
11/2/2023 23:34:28,1-9,"Sound pressure level, SPL (dBA)",GIX Woodshop: Drill (SPL Only from omerating position),75.2
11/3/2023 1:17:58,1-2,Light Flux,your bed at night,1
11/3/2023 1:18:15,1-2,"Sound pressure level, SPL (dBA)",your bed at night,37.2
11/3/2023 1:18:28,1-2,Light Flux,breakfast table,292
11/3/2023 1:18:40,1-2,"Sound pressure level, SPL (dBA)",breakfast table,42.1
11/3/2023 1:18:58,1-2,Light Flux,In class (on writing desk),218
11/3/2023 1:19:13,1-2,"Sound pressure level, SPL (dBA)",In class (on writing desk),47.9
11/3/2023 1:19:26,1-2,Light Flux,Your desk at home,120
11/3/2023 1:19:42,1-2,"Sound pressure level, SPL (dBA)",Your desk at home,38.6
11/3/2023 1:19:55,1-2,Light Flux,Outdoors by GIX: Sunny,8509
11/3/2023 1:20:11,1-2,"Sound pressure level, SPL (dBA)",Outdoors by GIX: Sunny,53.6
11/3/2023 1:20:31,1-2,Light Flux,Outdoors by GIX: Cloudy,520
11/3/2023 1:20:45,1-2,"Sound pressure level, SPL (dBA)",Outdoors by GIX: Cloudy,49.7
11/3/2023 1:55:50,1-6,"Sound pressure level, SPL (dBA)",In class (on writing desk),53.3
11/3/2023 1:56:44,1-6,"Sound pressure level, SPL (dBA)",your bed at night,31.5
11/3/2023 1:57:17,1-6,"Sound pressure level, SPL (dBA)",breakfast table,38.2
11/3/2023 1:57:37,1-6,Light Flux,breakfast table,17.7
11/3/2023 1:58:02,1-6,Light Flux,Outdoors by GIX: Cloudy,41.6
11/3/2023 1:58:24,1-6,Light Flux,Outdoors by GIX: Cloudy,56.4
11/3/2023 9:36:35,2-13,Light Flux,your bed at night,6.5
11/3/2023 9:37:07,2-13,Light Flux,breakfast table,156.2
11/3/2023 9:38:01,2-13,Light Flux,In class (on writing desk),550
11/3/2023 9:38:25,2-3,Light Flux,In class (on writing desk),638
11/3/2023 9:38:42,2-3,Light Flux,In class (on writing desk),633
11/3/2023 9:38:49,2-13,Light Flux,In the car (if you have one),3
11/3/2023 9:38:59,2-3,Light Flux,In class (on writing desk),640
11/3/2023 9:39:13,2-13,Light Flux,Outdoors by GIX: Sunny,2970
11/3/2023 9:39:43,2-3,Light Flux,In class (on writing desk),501
11/3/2023 9:39:55,2-13,Light Flux,"GIX Woodshop: Table Saw cutting (lux on table top, SPL from operating position)",435
11/3/2023 9:40:01,2-3,Light Flux,In class (on writing desk),495
11/3/2023 9:43:59,2-3,Light Flux,breakfast table,457
11/3/2023 9:44:18,2-3,Light Flux,breakfast table,456
11/3/2023 9:44:38,2-3,Light Flux,breakfast table,452
11/3/2023 10:07:13,1-2,Light Flux,your bed at night,2
11/3/2023 10:07:30,1-2,"Sound pressure level, SPL (dBA)",your bed at night,36.4
11/3/2023 10:07:50,1-2,Light Flux,breakfast table,286
11/3/2023 10:08:06,1-2,"Sound pressure level, SPL (dBA)",breakfast table,39.4
11/3/2023 10:08:21,1-2,Light Flux,In class (on writing desk),253
11/3/2023 10:08:54,1-2,"Sound pressure level, SPL (dBA)",In class (on writing desk),46.8
11/3/2023 10:09:30,1-2,Light Flux,Your desk at home,113
11/3/2023 10:09:49,1-2,"Sound pressure level, SPL (dBA)",Your desk at home,38.6
11/3/2023 10:10:10,1-2,Light Flux,Outdoors by GIX: Sunny,2808
11/3/2023 10:10:25,1-2,"Sound pressure level, SPL (dBA)",Outdoors by GIX: Sunny,52.5
11/3/2023 10:10:43,1-2,Light Flux,Outdoors by GIX: Cloudy,478
11/3/2023 10:11:02,1-2,"Sound pressure level, SPL (dBA)",Outdoors by GIX: Cloudy,48.8
11/3/2023 10:11:29,1-2,"Sound pressure level, SPL (dBA)",GIX Woodshop: No machines (SPL only),50.5
11/3/2023 10:11:49,1-2,Light Flux,"GIX Woodshop: Table Saw cutting (lux on table top, SPL from operating position)",190
11/3/2023 10:12:04,1-2,"Sound pressure level, SPL (dBA)","GIX Woodshop: Table Saw cutting (lux on table top, SPL from operating position)",91.8
11/3/2023 10:12:17,1-2,"Sound pressure level, SPL (dBA)","GIX Woodshop: Dust Collector  (SPL Only, measure from table saw operating pos.)",89
11/3/2023 10:12:34,1-2,"Sound pressure level, SPL (dBA)",GIX Woodshop: Drill (SPL Only from omerating position),79.3
11/3/2023 10:50:37,2-3,"Sound pressure level, SPL (dBA)",breakfast table,47.2
11/3/2023 10:52:11,2-3,"Sound pressure level, SPL (dBA)",Your desk at home,42.8
11/3/2023 10:53:15,2-3,"Sound pressure level, SPL (dBA)",your bed at night,40
11/3/2023 10:53:57,2-3,"Sound pressure level, SPL (dBA)",In class (on writing desk),62
11/3/2023 10:54:56,2-3,"Sound pressure level, SPL (dBA)",In the car (if you have one),54
11/3/2023 10:59:31,2-3,"Sound pressure level, SPL (dBA)",Outdoors by GIX: Sunny,48
11/3/2023 12:32:03,2-3,Light Flux,"GIX Woodshop: Table Saw cutting (lux on table top, SPL from operating position)",382
11/3/2023 12:32:38,2-3,Light Flux,"GIX Woodshop: Table Saw cutting (lux on table top, SPL from operating position)",380
11/3/2023 12:32:54,2-3,Light Flux,"GIX Woodshop: Table Saw cutting (lux on table top, SPL from operating position)",379
11/3/2023 13:06:44,2-3,Light Flux,In the car (if you have one),635
11/3/2023 13:07:03,2-3,Light Flux,In the car (if you have one),623
11/3/2023 13:07:30,2-3,Light Flux,In the car (if you have one),707
11/3/2023 13:21:35,1-6,Light Flux,"GIX Woodshop: Table Saw cutting (lux on table top, SPL from operating position)",622
11/3/2023 13:22:02,1-6,"Sound pressure level, SPL (dBA)","GIX Woodshop: Table Saw cutting (lux on table top, SPL from operating position)",79.6
11/3/2023 13:22:30,1-6,"Sound pressure level, SPL (dBA)","GIX Woodshop: Dust Collector  (SPL Only, measure from table saw operating pos.)",85.2
11/3/2023 13:23:02,1-6,"Sound pressure level, SPL (dBA)",GIX Woodshop: Drill (SPL Only from omerating position),71.3
11/3/2023 13:28:01,1-9,Light Flux,In the car (if you have one),62
11/3/2023 13:29:39,1-9,"Sound pressure level, SPL (dBA)",In the car (if you have one),30
11/4/2023 18:11:06,2-4,"Sound pressure level, SPL (dBA)",breakfast table,35.6
11/4/2023 18:12:01,2-4,"Sound pressure level, SPL (dBA)",Your desk at home,32.3
11/4/2023 18:12:53,2-4,"Sound pressure level, SPL (dBA)",In class (on writing desk),43.2
11/4/2023 18:18:19,2-4,"Sound pressure level, SPL (dBA)",your bed at night,30.1
11/4/2023 18:18:44,2-4,"Sound pressure level, SPL (dBA)",GIX Woodshop: No machines (SPL only),37.4
11/4/2023 18:21:06,2-4,"Sound pressure level, SPL (dBA)",GIX Woodshop: Drill (SPL Only from omerating position),74.1
11/4/2023 18:21:40,2-4,"Sound pressure level, SPL (dBA)","GIX Woodshop: Table Saw cutting (lux on table top, SPL from operating position)",80.3
11/4/2023 18:22:13,2-4,"Sound pressure level, SPL (dBA)","GIX Woodshop: Dust Collector  (SPL Only, measure from table saw operating pos.)",80.5
11/6/2023 0:55:29,2-13,"Sound pressure level, SPL (dBA)",In the car (if you have one),47.3
11/6/2023 0:56:07,2-13,"Sound pressure level, SPL (dBA)",your bed at night,45.7
11/6/2023 0:56:53,2-13,"Sound pressure level, SPL (dBA)",Outdoors by GIX: Cloudy,53.4
11/6/2023 0:57:21,2-13,"Sound pressure level, SPL (dBA)",breakfast table,45.8
11/6/2023 0:57:49,2-13,"Sound pressure level, SPL (dBA)",In class (on writing desk),69.4
11/6/2023 0:58:06,2-13,"Sound pressure level, SPL (dBA)",Your desk at home,45.4
11/13/2023 22:06:18,2-7,Light Flux,your bed at night,42.2
11/13/2023 22:06:35,2-7,Light Flux,your bed at night,32
11/13/2023 22:06:53,2-7,Light Flux,your bed at night,33.4
11/13/2023 22:08:46,2-7,Light Flux,breakfast table,57.7
11/13/2023 22:09:10,2-7,Light Flux,breakfast table,50.2
11/13/2023 22:09:30,2-7,Light Flux,breakfast table,76
11/13/2023 22:11:45,2-7,Light Flux,In class (on writing desk),700
11/13/2023 22:12:02,2-7,Light Flux,In class (on writing desk),659
11/13/2023 22:12:19,2-7,Light Flux,In class (on writing desk),463
11/13/2023 22:15:03,2-7,Light Flux,In the car (if you have one),50.7
11/13/2023 22:15:20,2-7,Light Flux,In the car (if you have one),36.5
11/13/2023 22:15:54,2-7,Light Flux,In the car (if you have one),65
11/13/2023 22:17:19,2-7,Light Flux,Outdoors by GIX: Sunny,26400
11/13/2023 22:17:33,2-7,Light Flux,Outdoors by GIX: Sunny,22300
11/13/2023 22:17:53,2-7,Light Flux,Outdoors by GIX: Sunny,15700
11/13/2023 22:19:48,2-7,Light Flux,"GIX Woodshop: Table Saw cutting (lux on table top, SPL from operating position)",619
11/13/2023 22:20:02,2-7,Light Flux,"GIX Woodshop: Table Saw cutting (lux on table top, SPL from operating position)",391
11/13/2023 22:20:23,2-7,Light Flux,"GIX Woodshop: Table Saw cutting (lux on table top, SPL from operating position)",384
11/13/2023 22:22:12,2-7,"Sound pressure level, SPL (dBA)",your bed at night,32.5
11/13/2023 22:22:25,2-7,"Sound pressure level, SPL (dBA)",your bed at night,32.7
11/13/2023 22:22:40,2-7,"Sound pressure level, SPL (dBA)",your bed at night,32.8
11/13/2023 22:23:57,2-7,"Sound pressure level, SPL (dBA)",breakfast table,33.5
11/13/2023 22:24:13,2-7,"Sound pressure level, SPL (dBA)",breakfast table,35
11/13/2023 22:24:47,2-7,"Sound pressure level, SPL (dBA)",breakfast table,34.6
11/13/2023 22:26:08,2-7,"Sound pressure level, SPL (dBA)",In class (on writing desk),56.8
11/13/2023 22:26:25,2-7,"Sound pressure level, SPL (dBA)",In class (on writing desk),68.3
11/13/2023 22:26:39,2-7,"Sound pressure level, SPL (dBA)",In class (on writing desk),60.9
11/13/2023 22:28:35,2-7,"Sound pressure level, SPL (dBA)",Outdoors by GIX: Sunny,51.3
11/13/2023 22:28:49,2-7,"Sound pressure level, SPL (dBA)",Outdoors by GIX: Sunny,53.9
11/13/2023 22:29:12,2-7,"Sound pressure level, SPL (dBA)",Outdoors by GIX: Sunny,54.6
11/13/2023 22:31:41,2-7,"Sound pressure level, SPL (dBA)",In the car (if you have one),71.5
11/13/2023 22:31:53,2-7,"Sound pressure level, SPL (dBA)",In the car (if you have one),72.2
11/13/2023 22:32:05,2-7,"Sound pressure level, SPL (dBA)",In the car (if you have one),76
11/13/2023 22:33:57,2-7,"Sound pressure level, SPL (dBA)","GIX Woodshop: Table Saw cutting (lux on table top, SPL from operating position)",77.2
11/13/2023 22:34:37,2-7,"Sound pressure level, SPL (dBA)","GIX Woodshop: Dust Collector  (SPL Only, measure from table saw operating pos.)",74.2
11/13/2023 22:35:11,2-7,"Sound pressure level, SPL (dBA)",GIX Woodshop: Drill (SPL Only from omerating position),72
11/14/2023 14:35:44,1-1,Light Flux,your bed at night,0.1
11/14/2023 14:36:05,1-1,"Sound pressure level, SPL (dBA)",your bed at night,33
11/14/2023 14:36:31,1-1,Light Flux,breakfast table,316
11/14/2023 14:36:43,1-1,"Sound pressure level, SPL (dBA)",breakfast table,68.6
11/14/2023 14:37:12,1-1,Light Flux,In class (on writing desk),242
11/14/2023 14:37:30,1-1,"Sound pressure level, SPL (dBA)",In class (on writing desk),52.8
11/14/2023 14:37:58,1-1,Light Flux,Your desk at home,246
11/14/2023 14:38:16,1-1,"Sound pressure level, SPL (dBA)",Your desk at home,70.8
11/14/2023 14:38:28,1-1,Light Flux,Outdoors by GIX: Sunny,1426
11/14/2023 14:38:42,1-1,"Sound pressure level, SPL (dBA)",Outdoors by GIX: Sunny,56
11/14/2023 14:38:57,1-1,Light Flux,Outdoors by GIX: Cloudy,2451
11/14/2023 14:39:07,1-1,"Sound pressure level, SPL (dBA)",Outdoors by GIX: Sunny,63
11/14/2023 14:39:38,1-1,Light Flux,In the car (if you have one),7
11/14/2023 14:40:01,1-1,"Sound pressure level, SPL (dBA)",In the car (if you have one),30
11/14/2023 14:40:54,1-1,Light Flux,GIX Woodshop: No machines (SPL only),101
11/14/2023 14:41:06,1-1,"Sound pressure level, SPL (dBA)",GIX Woodshop: No machines (SPL only),57
11/14/2023 14:41:27,1-1,Light Flux,"GIX Woodshop: Table Saw cutting (lux on table top, SPL from operating position)",113
11/14/2023 14:41:39,1-1,"Sound pressure level, SPL (dBA)","GIX Woodshop: Table Saw cutting (lux on table top, SPL from operating position)",75
11/14/2023 14:41:56,1-1,"Sound pressure level, SPL (dBA)","GIX Woodshop: Dust Collector  (SPL Only, measure from table saw operating pos.)",83
11/14/2023 14:42:08,1-1,"Sound pressure level, SPL (dBA)","GIX Woodshop: Dust Collector  (SPL Only, measure from table saw operating pos.)",68.4
11/15/2023 16:13:00,1-13,Light Flux,your bed at night,21
11/15/2023 16:13:16,1-13,Light Flux,breakfast table,345
11/15/2023 16:13:43,1-13,Light Flux,In class (on writing desk),220
11/15/2023 16:14:03,1-13,Light Flux,Your desk at home,135
11/15/2023 16:14:21,1-13,Light Flux,Outdoors by GIX: Sunny,1597
11/15/2023 16:14:46,1-13,Light Flux,"GIX Woodshop: Table Saw cutting (lux on table top, SPL from operating position)",175
11/15/2023 21:59:26,1-13,"Sound pressure level, SPL (dBA)",your bed at night,45.4
11/15/2023 21:59:39,1-13,"Sound pressure level, SPL (dBA)",breakfast table,49.8
11/15/2023 21:59:57,1-13,"Sound pressure level, SPL (dBA)",In class (on writing desk),60.1
11/15/2023 22:00:39,1-13,"Sound pressure level, SPL (dBA)",Your desk at home,46.1
11/15/2023 22:00:58,1-13,"Sound pressure level, SPL (dBA)",In the car (if you have one),53.8
11/15/2023 22:01:18,1-13,"Sound pressure level, SPL (dBA)",Outdoors by GIX: Sunny,83.4
11/15/2023 22:02:27,1-13,"Sound pressure level, SPL (dBA)","GIX Woodshop: Table Saw cutting (lux on table top, SPL from operating position)",88.9
11/15/2023 22:02:41,1-13,"Sound pressure level, SPL (dBA)","GIX Woodshop: Dust Collector  (SPL Only, measure from table saw operating pos.)",80.6
11/15/2023 22:02:58,1-13,"Sound pressure level, SPL (dBA)",GIX Woodshop: Drill (SPL Only from omerating position),71.3
11/16/2023 11:09:32,2-9,Light Flux,your bed at night,28.6
11/16/2023 11:13:38,2-9,Light Flux,breakfast table,396
11/16/2023 11:14:32,2-9,Light Flux,In class (on writing desk),540
11/16/2023 11:15:21,2-9,Light Flux,Your desk at home,469
11/16/2023 11:17:18,2-9,Light Flux,Outdoors by GIX: Sunny,25600
11/16/2023 11:19:00,2-9,"Sound pressure level, SPL (dBA)",your bed at night,47.3
11/16/2023 11:19:40,2-9,"Sound pressure level, SPL (dBA)",breakfast table,71.1
11/16/2023 11:20:11,2-9,"Sound pressure level, SPL (dBA)",In class (on writing desk),86.1
11/16/2023 11:20:32,2-9,"Sound pressure level, SPL (dBA)",Your desk at home,54.2
11/16/2023 11:22:49,2-9,"Sound pressure level, SPL (dBA)",GIX Woodshop: No machines (SPL only),32.8
11/16/2023 11:23:56,2-9,"Sound pressure level, SPL (dBA)","GIX Woodshop: Table Saw cutting (lux on table top, SPL from operating position)",88.3
11/16/2023 11:24:36,2-9,"Sound pressure level, SPL (dBA)","GIX Woodshop: Dust Collector  (SPL Only, measure from table saw operating pos.)",89.6
11/16/2023 11:26:31,2-9,"Sound pressure level, SPL (dBA)",GIX Woodshop: Drill (SPL Only from omerating position),78.3
11/16/2023 12:08:34,2-6,Light Flux,your bed at night,16.5
11/16/2023 12:09:01,2-6,Light Flux,breakfast table,550
11/16/2023 12:09:24,2-6,Light Flux,In class (on writing desk),597
11/16/2023 12:09:46,2-6,Light Flux,Your desk at home,437
11/16/2023 12:10:33,2-6,Light Flux,Outdoors by GIX: Sunny,28000
11/16/2023 12:11:41,2-6,Light Flux,Outdoors by GIX: Cloudy,1700
11/16/2023 12:12:06,2-6,Light Flux,In the car (if you have one),508
11/16/2023 12:12:29,2-6,Light Flux,"GIX Woodshop: Table Saw cutting (lux on table top, SPL from operating position)",497
11/16/2023 12:46:06,2-6,Light Flux,your bed at night,4.8
11/16/2023 12:46:19,2-6,Light Flux,your bed at night,6.3
11/16/2023 12:46:38,2-6,Light Flux,breakfast table,21.9
11/16/2023 12:47:06,2-6,Light Flux,In class (on writing desk),138.2
11/16/2023 13:08:22,2-6,Light Flux,your bed at night,4.8
11/16/2023 13:09:49,2-6,Light Flux,breakfast table,21.9
11/16/2023 13:10:35,2-6,Light Flux,In class (on writing desk),146.4
11/16/2023 13:11:04,2-6,Light Flux,Your desk at home,152.7
11/16/2023 13:11:33,2-6,Light Flux,Outdoors by GIX: Sunny,1324
11/16/2023 13:11:51,2-6,Light Flux,Outdoors by GIX: Cloudy,323
11/16/2023 13:12:10,2-6,Light Flux,"GIX Woodshop: Table Saw cutting (lux on table top, SPL from operating position)",189.5
11/16/2023 13:12:21,2-6,Light Flux,In the car (if you have one),641
11/16/2023 13:31:08,2-6,"Sound pressure level, SPL (dBA)",your bed at night,40.2
11/16/2023 13:31:21,2-6,"Sound pressure level, SPL (dBA)",breakfast table,50.3
11/16/2023 13:31:35,2-6,"Sound pressure level, SPL (dBA)",In class (on writing desk),60.2
11/16/2023 13:31:50,2-6,"Sound pressure level, SPL (dBA)",Your desk at home,42.4
11/16/2023 13:32:08,2-6,"Sound pressure level, SPL (dBA)",Outdoors by GIX: Sunny,60.2
11/16/2023 13:32:22,2-6,"Sound pressure level, SPL (dBA)",Outdoors by GIX: Cloudy,61.1
11/16/2023 13:32:40,2-6,"Sound pressure level, SPL (dBA)",In the car (if you have one),67.6
11/16/2023 13:32:56,2-6,"Sound pressure level, SPL (dBA)",GIX Woodshop: No machines (SPL only),40.8
11/16/2023 13:33:08,2-6,"Sound pressure level, SPL (dBA)","GIX Woodshop: Table Saw cutting (lux on table top, SPL from operating position)",76.4
11/16/2023 13:33:23,2-6,"Sound pressure level, SPL (dBA)","GIX Woodshop: Dust Collector  (SPL Only, measure from table saw operating pos.)",83.3
11/16/2023 13:33:37,2-6,"Sound pressure level, SPL (dBA)",GIX Woodshop: Drill (SPL Only from omerating position),73.2
11/16/2023 13:34:21,2-6,"Sound pressure level, SPL (dBA)",GIX Woodshop: Drill (SPL Only from omerating position),73.2
11/16/2023 14:20:44,2-11,"Sound pressure level, SPL (dBA)","GIX Woodshop: Table Saw cutting (lux on table top, SPL from operating position)",616.3
11/16/2023 14:29:49,1-5,Light Flux,your bed at night,23
11/16/2023 14:30:09,1-5,Light Flux,breakfast table,361
11/16/2023 14:30:34,1-5,Light Flux,In class (on writing desk),241
11/16/2023 14:31:06,1-5,Light Flux,Outdoors by GIX: Sunny,921
11/16/2023 14:31:42,1-5,Light Flux,In the car (if you have one),377
11/16/2023 14:32:32,2-11,"Sound pressure level, SPL (dBA)","GIX Woodshop: Table Saw cutting (lux on table top, SPL from operating position)",67.7
11/16/2023 14:32:33,1-5,Light Flux,"GIX Woodshop: Table Saw cutting (lux on table top, SPL from operating position)",179
11/16/2023 14:33:43,1-5,Light Flux,Your desk at home,208
11/16/2023 14:42:31,2-11,"Sound pressure level, SPL (dBA)",In class (on writing desk),55.1
11/16/2023 14:44:13,2-11,Light Flux,In class (on writing desk),430.33
11/16/2023 14:54:28,2-11,Light Flux,Outdoors by GIX: Sunny,531.3
11/16/2023 14:55:32,2-11,"Sound pressure level, SPL (dBA)",Outdoors by GIX: Sunny,54.23
11/16/2023 15:30:15,1-11,Light Flux,your bed at night,1.5
11/16/2023 15:30:37,1-11,"Sound pressure level, SPL (dBA)",your bed at night,30.9
11/16/2023 15:31:07,1-11,Light Flux,breakfast table,30.9
11/16/2023 15:31:25,1-11,"Sound pressure level, SPL (dBA)",breakfast table,48.7
11/16/2023 15:31:40,1-11,Light Flux,In class (on writing desk),92.4
11/16/2023 15:31:55,1-11,"Sound pressure level, SPL (dBA)",In class (on writing desk),44.7
11/16/2023 15:32:33,1-11,Light Flux,Your desk at home,66.3
11/16/2023 15:32:46,1-11,"Sound pressure level, SPL (dBA)",In class (on writing desk),44.7
11/16/2023 15:33:05,1-11,Light Flux,Outdoors by GIX: Sunny,548
11/16/2023 15:33:19,1-11,"Sound pressure level, SPL (dBA)",Outdoors by GIX: Sunny,52.2
11/16/2023 15:33:49,1-11,Light Flux,In the car (if you have one),6
11/16/2023 15:34:02,1-11,"Sound pressure level, SPL (dBA)",In the car (if you have one),30
11/16/2023 15:34:28,1-11,Light Flux,GIX Woodshop: No machines (SPL only),187.9
11/16/2023 15:34:46,1-11,"Sound pressure level, SPL (dBA)",GIX Woodshop: No machines (SPL only),35.4
11/16/2023 15:35:04,1-11,Light Flux,"GIX Woodshop: Table Saw cutting (lux on table top, SPL from operating position)",187.9
11/16/2023 15:35:27,1-11,"Sound pressure level, SPL (dBA)","GIX Woodshop: Table Saw cutting (lux on table top, SPL from operating position)",78.1
11/16/2023 15:35:45,1-11,"Sound pressure level, SPL (dBA)","GIX Woodshop: Dust Collector  (SPL Only, measure from table saw operating pos.)",80.1
11/16/2023 15:35:56,1-11,"Sound pressure level, SPL (dBA)",GIX Woodshop: Drill (SPL Only from omerating position),71.7
11/16/2023 15:56:43,2-1,Light Flux,your bed at night,32.8
11/16/2023 15:58:02,2-1,Light Flux,breakfast table,67.6
11/16/2023 16:06:29,2-1,Light Flux,In class (on writing desk),52.4
11/16/2023 16:20:33,2-1,Light Flux,your bed at night,0.01
11/16/2023 16:20:56,2-1,Light Flux,breakfast table,315
11/16/2023 16:21:20,2-1,Light Flux,In class (on writing desk),240
11/16/2023 16:21:45,2-1,Light Flux,Your desk at home,240
11/16/2023 16:22:04,2-1,Light Flux,Outdoors by GIX: Sunny,1456
11/16/2023 16:22:35,2-1,Light Flux,Outdoors by GIX: Cloudy,2489
11/16/2023 16:22:52,2-1,Light Flux,In the car (if you have one),5
11/16/2023 16:23:19,2-1,Light Flux,GIX Woodshop: No machines (SPL only),119
11/16/2023 16:23:36,2-1,Light Flux,"GIX Woodshop: Table Saw cutting (lux on table top, SPL from operating position)",111
11/16/2023 16:24:14,2-1,"Sound pressure level, SPL (dBA)",your bed at night,32.8
11/16/2023 16:24:50,2-1,"Sound pressure level, SPL (dBA)",breakfast table,67.6
11/16/2023 16:25:04,2-1,"Sound pressure level, SPL (dBA)",In class (on writing desk),52.4
11/16/2023 16:25:26,2-1,"Sound pressure level, SPL (dBA)",Your desk at home,70.1
11/16/2023 16:25:46,2-1,"Sound pressure level, SPL (dBA)",Outdoors by GIX: Sunny,46
11/16/2023 16:26:06,2-1,"Sound pressure level, SPL (dBA)",Outdoors by GIX: Cloudy,60
11/16/2023 16:27:17,2-1,"Sound pressure level, SPL (dBA)",In the car (if you have one),33.8
11/16/2023 16:27:34,2-1,"Sound pressure level, SPL (dBA)",GIX Woodshop: No machines (SPL only),51
11/16/2023 16:28:12,2-1,"Sound pressure level, SPL (dBA)","GIX Woodshop: Table Saw cutting (lux on table top, SPL from operating position)",76
11/16/2023 16:28:40,2-1,"Sound pressure level, SPL (dBA)","GIX Woodshop: Dust Collector  (SPL Only, measure from table saw operating pos.)",78
11/16/2023 16:28:55,2-1,"Sound pressure level, SPL (dBA)",GIX Woodshop: Drill (SPL Only from omerating position),67.2
11/16/2023 17:49:20,1-5,Light Flux,your bed at night,287
11/16/2023 17:49:35,1-5,Light Flux,your bed at night,17
11/16/2023 17:49:57,1-5,Light Flux,your bed at night,48
11/16/2023 17:50:21,1-5,Light Flux,breakfast table,14
11/16/2023 17:52:35,1-5,Light Flux,breakfast table,15
11/16/2023 17:52:45,1-5,Light Flux,breakfast table,16
11/16/2023 17:53:12,1-5,Light Flux,In class (on writing desk),1705
11/16/2023 17:53:37,1-5,Light Flux,In class (on writing desk),915
11/16/2023 17:53:51,1-5,Light Flux,In class (on writing desk),612
11/16/2023 17:54:24,1-5,Light Flux,In the car (if you have one),1320
11/16/2023 17:54:36,1-5,Light Flux,In the car (if you have one),5719
11/16/2023 17:54:50,1-5,Light Flux,In the car (if you have one),1275
11/16/2023 17:55:17,1-5,Light Flux,Outdoors by GIX: Sunny,16020
11/16/2023 17:55:33,1-5,Light Flux,Outdoors by GIX: Sunny,13690
11/16/2023 17:55:46,1-5,Light Flux,Outdoors by GIX: Sunny,15230
11/16/2023 17:56:22,1-5,Light Flux,"GIX Woodshop: Table Saw cutting (lux on table top, SPL from operating position)",365
11/16/2023 17:56:34,1-5,Light Flux,"GIX Woodshop: Table Saw cutting (lux on table top, SPL from operating position)",320
11/16/2023 17:56:49,1-5,Light Flux,"GIX Woodshop: Table Saw cutting (lux on table top, SPL from operating position)",355
11/16/2023 18:42:04,2-2,Light Flux,your bed at night,15
11/16/2023 18:42:29,2-2,Light Flux,breakfast table,358
11/16/2023 18:42:45,2-2,Light Flux,breakfast table,290
11/16/2023 18:43:29,2-2,Light Flux,breakfast table,260
11/16/2023 18:44:47,2-2,Light Flux,your bed at night,17
11/16/2023 18:45:27,2-2,Light Flux,your bed at night,3
11/16/2023 18:45:51,2-2,Light Flux,In class (on writing desk),100
11/16/2023 18:46:05,2-2,Light Flux,In class (on writing desk),105
11/16/2023 18:46:24,2-2,Light Flux,In class (on writing desk),157
11/16/2023 18:47:07,2-2,Light Flux,In the car (if you have one),178
11/16/2023 18:47:21,2-2,Light Flux,In the car (if you have one),377
11/16/2023 18:47:38,2-2,Light Flux,In the car (if you have one),502
11/16/2023 18:47:53,2-2,Light Flux,Outdoors by GIX: Sunny,2310
11/16/2023 18:48:08,2-2,Light Flux,Outdoors by GIX: Sunny,4710
11/16/2023 18:48:26,2-2,Light Flux,Outdoors by GIX: Sunny,2470
11/16/2023 18:48:54,2-2,Light Flux,GIX Woodshop: No machines (SPL only),194
11/16/2023 18:49:06,2-2,Light Flux,Outdoors by GIX: Sunny,198
11/16/2023 18:49:23,2-2,Light Flux,GIX Woodshop: No machines (SPL only),213
11/16/2023 18:50:38,2-2,"Sound pressure level, SPL (dBA)",your bed at night,31.9
11/16/2023 18:50:53,2-2,"Sound pressure level, SPL (dBA)",breakfast table,53.8
11/16/2023 18:51:09,2-2,"Sound pressure level, SPL (dBA)",In class (on writing desk),56.3
11/16/2023 18:51:27,2-2,"Sound pressure level, SPL (dBA)",Outdoors by GIX: Sunny,75.3
11/16/2023 18:51:47,2-2,"Sound pressure level, SPL (dBA)",In the car (if you have one),56.7
11/16/2023 18:52:18,2-2,"Sound pressure level, SPL (dBA)","GIX Woodshop: Table Saw cutting (lux on table top, SPL from operating position)",82.7
11/16/2023 18:52:35,2-2,"Sound pressure level, SPL (dBA)","GIX Woodshop: Dust Collector  (SPL Only, measure from table saw operating pos.)",89.4
11/16/2023 18:52:51,2-2,"Sound pressure level, SPL (dBA)",GIX Woodshop: Drill (SPL Only from omerating position),74.5
11/16/2023 21:06:55,2-12,Light Flux,your bed at night,35.9
11/16/2023 21:07:25,2-12,Light Flux,breakfast table,21
11/16/2023 21:08:36,2-12,Light Flux,In class (on writing desk),607
11/16/2023 21:09:52,2-12,Light Flux,Your desk at home,450
11/16/2023 21:10:47,2-12,Light Flux,Outdoors by GIX: Sunny,21400
11/16/2023 21:11:37,2-12,Light Flux,"GIX Woodshop: Table Saw cutting (lux on table top, SPL from operating position)",465
11/16/2023 21:12:28,2-12,Light Flux,In the car (if you have one),50.7
11/16/2023 21:13:28,2-12,"Sound pressure level, SPL (dBA)",your bed at night,32.7
11/16/2023 21:13:58,2-12,"Sound pressure level, SPL (dBA)",breakfast table,34.4
11/16/2023 21:14:55,2-12,"Sound pressure level, SPL (dBA)",In class (on writing desk),62.1
11/16/2023 21:15:32,2-12,"Sound pressure level, SPL (dBA)",Your desk at home,55.4
11/16/2023 21:16:06,2-12,"Sound pressure level, SPL (dBA)",Outdoors by GIX: Sunny,53.3
11/16/2023 21:16:38,2-12,"Sound pressure level, SPL (dBA)",In the car (if you have one),66.3
11/16/2023 21:19:11,2-12,"Sound pressure level, SPL (dBA)","GIX Woodshop: Table Saw cutting (lux on table top, SPL from operating position)",77.2
11/16/2023 21:19:38,2-12,"Sound pressure level, SPL (dBA)","GIX Woodshop: Dust Collector  (SPL Only, measure from table saw operating pos.)",74
11/16/2023 21:19:56,2-12,"Sound pressure level, SPL (dBA)",GIX Woodshop: Drill (SPL Only from omerating position),71.9
11/16/2023 21:24:41,2-12,"Sound pressure level, SPL (dBA)",GIX Woodshop: No machines (SPL only),619
11/16/2023 21:27:07,2-12,"Sound pressure level, SPL (dBA)",GIX Woodshop: No machines (SPL only),45
11/16/2023 21:27:41,2-12,Light Flux,GIX Woodshop: No machines (SPL only),619
11/16/2023 21:29:27,2-12,Light Flux,"GIX Woodshop: Table Saw cutting (lux on table top, SPL from operating position)",388
11/16/2023 21:32:43,2-9,Light Flux,your bed at night,1.46
11/16/2023 21:40:11,2-9,Light Flux,breakfast table,122.4
11/16/2023 21:40:41,2-9,Light Flux,In class (on writing desk),60.5
11/16/2023 21:42:21,2-9,Light Flux,Outdoors by GIX: Cloudy,866
11/16/2023 21:44:19,2-9,Light Flux,"GIX Woodshop: Table Saw cutting (lux on table top, SPL from operating position)",61.9
11/16/2023 21:45:00,2-9,Light Flux,Your desk at home,30.2
11/16/2023 22:29:55,2-9,"Sound pressure level, SPL (dBA)",In class (on writing desk),66.3
11/16/2023 22:33:10,2-9,"Sound pressure level, SPL (dBA)","GIX Woodshop: Dust Collector  (SPL Only, measure from table saw operating pos.)",83.5
11/16/2023 22:34:02,2-9,"Sound pressure level, SPL (dBA)",GIX Woodshop: No machines (SPL only),79
11/16/2023 22:34:43,2-9,"Sound pressure level, SPL (dBA)","GIX Woodshop: Table Saw cutting (lux on table top, SPL from operating position)",77.5
11/16/2023 22:35:44,2-9,"Sound pressure level, SPL (dBA)",Outdoors by GIX: Sunny,1024
11/16/2023 23:23:10,1-5,"Sound pressure level, SPL (dBA)",your bed at night,36.2
11/16/2023 23:23:23,1-5,"Sound pressure level, SPL (dBA)",breakfast table,43.8
11/16/2023 23:23:38,1-5,"Sound pressure level, SPL (dBA)",In class (on writing desk),66.7
11/16/2023 23:23:48,1-5,"Sound pressure level, SPL (dBA)",Outdoors by GIX: Sunny,51.9
11/16/2023 23:23:58,1-5,"Sound pressure level, SPL (dBA)",In the car (if you have one),51.7
11/16/2023 23:24:14,1-5,"Sound pressure level, SPL (dBA)",In the car (if you have one),71.7
11/16/2023 23:24:23,1-5,"Sound pressure level, SPL (dBA)","GIX Woodshop: Table Saw cutting (lux on table top, SPL from operating position)",78.2
11/16/2023 23:24:34,1-5,"Sound pressure level, SPL (dBA)","GIX Woodshop: Dust Collector  (SPL Only, measure from table saw operating pos.)",77.2
11/16/2023 23:24:45,1-5,"Sound pressure level, SPL (dBA)",GIX Woodshop: Drill (SPL Only from omerating position),75.6
11/16/2023 23:33:17,2-9,"Sound pressure level, SPL (dBA)",your bed at night,33.2
11/16/2023 23:34:19,2-9,"Sound pressure level, SPL (dBA)",breakfast table,44.7
11/16/2023 23:34:49,2-9,"Sound pressure level, SPL (dBA)",Your desk at home,34
11/16/2023 23:41:41,2-9,"Sound pressure level, SPL (dBA)",In the car (if you have one),73.2
11/16/2023 23:42:04,2-9,"Sound pressure level, SPL (dBA)",Outdoors by GIX: Sunny,32.4
11/16/2023 23:42:27,2-9,"Sound pressure level, SPL (dBA)",Outdoors by GIX: Cloudy,39.8
11/16/2023 23:46:25,2-9,Light Flux,"GIX Woodshop: Table Saw cutting (lux on table top, SPL from operating position)",38.4